theta0,theta1
8499.599649933216,-0.0214489635917023
8499.599649933209,-0.021448963591702244
