theta0,theta1
8499.599649933216,-0.0214489635917023
8504.599649933216,7.978551036408298
