theta0,theta1
8499.599649933216,-0.0214489635917023
3.789561257387201e-18,1.2417634328206382e-12
