theta0,theta1
8499.599649933216,-0.0214489635917023
-1.2087260781835738e+70,-1.2216141199922063e+75
-1.2090098296940798e+40,-1.221900897003193e+45
-inf,-inf
nan,nan
-1.2084418187196644e+40,-1.2213268296117628e+45
-2.2520088768372674e+36,-1.3914937649089793e+41
-4.443578630017211e+54,-5.660026792560421e+59
